Task,Amount of Work,Productivity rate,Amount of work numeric,Productivity rate Numeric,Effort in hours=( amount of work/ productivity rate),Duration in days=(ceil(effort in hours/8))
Project Plan,,,,,,
Write Plan,31 pages,3 pages/Hour,31,3,11,2
Review Plan,,,,,,
Preparation for review,31 pages,5 pages/Hour,31,5,7,1
Review Meeting,31 pages,5 pages/Hour,31,5,7,1
Rework,22 defects,4 defects/Hour,22,4,6,1
,,,,,,
Risk Mitigation and contingency plan,,,,,,
write plan,47 pages,4 pages/Hour,47,4,12,2
Review plan,,,,,,
Prepartion for review,47 pages,4 pages/Hour,47,4,12,2
Review meeting,47 pages,8 pages/Hour,47,8,6,1
Rework,45 defects,5 defects/Hour,45,5,9,2
,,,,,,
Requirement,,,,,,
write requirements,112 Req,5 Req/Hour,112,5,23,3
Write Use Case Model,46 Use Cases,3 use case/2 Hours,46,1.5,31,4
Review Requirements/ Use Case Model,,,,,,
Prepartion for review,112 Req,18 Req/Hour,112,18,7,1
,46 Use Cases,4 Use Cases/Hour,46,4,12,2
Review Meeting ,112 Req,28 Req/Hour,112,28,4,1
,46 Use Cases,6 Use Cases/Hour,46,6,8,1
Rework,136 defects,10 defects/Hour,136,10,14,2
,,,,,,
Analysis,,,,,,
write analysis document,66 pages ,5 pages/Hour,66,5,14,2
Review Analysis Document,,,,,,
Prepartion for analysis document,66 pages,4 pages/hour,66,4,17,3
Review Meeting ,66 pages,9 pages/Hour,66,9,8,1
Rework,123 defects ,6 defects/Hour,123,6,21,3
,,,,,,
Design,,,,,,
Write DD,89 pages,5 pages/Hour,89,5,18,3
Review DD,,,,,,
Preparation for DD,89 pages,4 pages/Hour,89,4,23,3
Review Meeting ,89 pages,8 pages/Hour,89,8,12,2
Rework,188 defects ,5 defects/Hour,188,5,38,5
Write Data Model(DM),28 pages ,1 page/4 Hours,28,0.25,112,14
Reveiw DM,,,,,,
Preparation for DM,28 pages,4 pages/Hour,28,4,7,1
Review Meeting ,28 pages,5 pages/Hour,28,5,6,1
Rework,88 defects,6 defects/Hour,88,6,15,2
,,,,,,
Coding and unit test,,,,,,
Write code,3800 SLOC,5 SLOC/Hour,3800,5,760,95
Unit Testing,,,,,,
Prepare/Execute Test Cases,256 test cases ,10 Test Cases/Day,256,10,26,4
Fix Found Defects,179 Defects,8 Defects/Day,179,8,23,3
Test Fixed Defects,179 Defects,12 Defects/Day,179,12,15,2
Code inspection,,,,,,
Preparation for code inspection,3800 SLOC,113 SLOC/Hour,3800,113,34,5
Code inspection Meeting,3800 SLOC,189 SLOC/Hour,3800,189,21,3
Rework,188 defects ,5 defects/Hour,188,5,38,5
,,,,,,
Testing,,,,,,
write test plan (TP),166 pages ,5 pages/Day,166,5,34,5
Review TP,,,,,,
Preparation for TP,166 pages,4 pages/Hour,166,4,42,6
Review TP Meeting ,166 pages,8 pages/Hour,166,8,21,3
Rework,255 defects,7 defects/Hour,255,7,37,5
Execute TP (test cases),215 test cases,9 test cases/day,215,9,24,3
Fix Found Defects,213 defects,14 defects/day,213,14,16,2
Test Fixed Defects,213 defects,17 defects/day,213,17,13,2
,,,,,,
Documentation,,,,,,
User Documentation,134 pages,4 pages/Hour,134,4,34,5
Review UD,,,,,,
Preparation for UD review,134 pages,5 pages/Hour,134,5,27,4
Review UD meeting,134 pages,7 pages/Hour,134,7,20,3
Rework,174 defects ,6 defects/hour,174,6,29,4
